{
  "version": 2,
  "settings": {
    "color": {
      "palette": [
        {
          "slug": "logo",
          "color": "#ff8c00",
          "name": "Logo"
        },
        {
          "slug": "site",
          "color": "#ff8c00",
          "name": "Site"
        },
        {
          "slug": "links",
          "color": "#0693e3",
          "name": "Links"
        },
        {
          "slug": "listas",
          "color": "#0693e3",
          "name": "Listas"
        },
        {
          "slug": "links-secundario",
          "color": "#000000",
          "name": "Links secundario"
        },
        {
          "slug": "ancora",
          "color": "#ff0000",
          "name": "Ancora"
        },
        {
          "slug": "botao",
          "color": "#0018cd",
          "name": "Botao"
        },
        {
          "slug": "divider",
          "color": "#ff8c00",
          "name": "Divider"
        }
      ]
    },
    "appearanceTools": true,
    "spacing": {
      "blockGap": true,
      "margin": true,
      "padding": true,
      "units": [
        "%",
        "px",
        "em",
        "rem",
        "vh",
        "vw"
      ]
    },
    "typography": {
      "customFontSize": true,
      "customLineHeight": true,
      "dropCap": true,
      "fontSizes": [
        {
          "size": "13px",
          "name": "Small",
          "slug": "small"
        },
        {
          "size": "20px",
          "name": "Medium",
          "slug": "medium"
        },
        {
          "size": "36px",
          "name": "Large",
          "slug": "large"
        },
        {
          "size": "42px",
          "name": "Extra Large",
          "slug": "x-large"
        }
      ]
    },
    "layout": {
      "contentSize": "var(--wp--custom--ast-content-width-size)",
      "wideSize": "var(--wp--custom--ast-wide-width-size)",
      "fullSize": "none"
    }
  },
  "styles": {
    "elements": {
      "link": {
        "typography": {
          "textDecoration": "none"
        }
      }
    }
  }
}
